AmAcid,Codon,CodonCount,/1000,Fraction
Gly,GGG,25120,18.87,0
Gly,GGA,13306,10,0
Gly,GGT,24794,18.63,0
Gly,GGC,65640,49.32,0
Glu,GAG,40423,30.37,0
Glu,GAA,21552,16.19,0
Asp,GAT,21163,15.9,0
Asp,GAC,55762,41.9,0
Val,GTG,53413,40.13,0
Val,GTA,6472,4.86,0
Val,GTT,10886,8.18,0
Val,GTC,43174,32.44,0
Ala,GCG,64426,48.41,0
Ala,GCA,17338,13.03,0
Ala,GCT,14849,11.16,0
Ala,GCC,78543,59.01,0
Arg,AGG,4555,3.42,0
Arg,AGA,1909,1.43,0
Ser,AGT,4865,3.66,0
Ser,AGC,19368,14.55,0
Lys,AAG,20169,15.15,0
Lys,AAA,7113,5.34,0
Asn,AAT,6967,5.23,0
Asn,AAC,25760,19.35,0
Met,ATG,24733,18.58,0
Ile,ATA,3007,2.26,0
Ile,ATT,8640,6.49,0
Ile,ATC,44418,33.37,0
Thr,ACG,20897,15.7,0
Thr,ACA,6322,4.75,0
Thr,ACT,5091,3.83,0
Thr,ACC,46060,34.61,0
Trp,TGG,19669,14.78,0
End,TGA,2286,1.72,0
Cys,TGT,3224,2.42,0
Cys,TGC,9229,6.93,0
End,TAG,1268,0.95,0
End,TAA,635,0.48,0
Tyr,TAT,8144,6.12,0
Tyr,TAC,19315,14.51,0
Leu,TTG,24056,18.07,0
Leu,TTA,2201,1.65,0
Phe,TTT,8313,6.25,0
Phe,TTC,30504,22.92,0
Ser,TCG,25999,19.53,0
Ser,TCA,5038,3.79,0
Ser,TCT,3117,2.34,0
Ser,TCC,15390,11.56,0
Arg,CGG,33183,24.93,0
Arg,CGA,10172,7.64,0
Arg,CGT,11569,8.69,0
Arg,CGC,38290,28.77,0
Gln,CAG,30475,22.9,0
Gln,CAA,10939,8.22,0
His,CAT,8779,6.6,0
His,CAC,21254,15.97,0
Leu,CTG,66201,49.74,0
Leu,CTA,6453,4.85,0
Leu,CTT,7463,5.61,0
Leu,CTC,22934,17.23,0
Pro,CCG,42204,31.71,0
Pro,CCA,8534,6.41,0
Pro,CCT,4770,3.58,0
Pro,CCC,22620,17,0